<?xml version="1.0" encoding="UTF-8" standalone="yes"?>
<addon id="plugin.video.daenerys"
       name="[B][COLOR darkred]Daenerys[/COLOR][/B]"
       version="0.0.2"
       provider-name="Jun">
  <requires>
    <import addon="xbmc.python" version="2.1.0"/>
    <import addon="script.module.beautifulsoup" version="3.2.1"/>
    <import addon="script.module.simple.downloader" version="0.9.4"/>
    <import addon="script.module.beautifulsoup4" />
    <import addon="script.module.requests" />
    <import addon="script.module.httplib2" />
    <import addon="script.module.liveresolver" version="0.1.24" optional="true"/>
    <import addon="script.module.youtube.dl" optional="true"/>
    <import addon="plugin.video.youtube" optional="true" />
    <import addon="script.module.urlresolver" optional="true"/>
    <import addon="script.module.simplejson" />    
     <import addon="script.module.livestreamer" optional="true"/>
     <import addon="script.module.pyamf" optional="true"/>
  </requires>
  <extension point="xbmc.python.pluginsource" library="default.py">
    <provides>video</provides>
  </extension>
  
  <extension point="xbmc.addon.repository" name="Drakarys Repo">
        <info>https://raw.githubusercontent.com/junio7/drakarysrepo/master/Repositorio/addons.xml</info>
        <checksum>https://raw.githubusercontent.com/junio7/drakarysrepo/master/Repositorio/addons.xml.md5</checksum>
        <datadir zip="true">https://raw.githubusercontent.com/junio7/drakarysrepo/master/Repositorio/</datadir>
    </extension>

  <extension point="xbmc.addon.metadata">
    <summary>Creado por @Jun_S con la ayuda de @loufesta..gracias!</summary>
    <description>[B][COLOR gold]Addon del wizard Daenerys con contenido de YouTube[/COLOR][/B]</description>
    <platform>all</platform>
    <assets>
		<icon>icon.gif</icon>
		<fanart>fanart.jpg</fanart>
	  </assets>
  </extension>
</addon>
